29.04.2018;129
29.04.2018;3
29.04.2018;79
29.04.2018;74
29.04.2018;60
29.04.2018;32
29.04.2018;41
29.04.2018;6
29.04.2018;54
29.04.2018;1
29.04.2018;2
29.04.2018;4
29.04.2018;5
29.04.2018;7
29.04.2018;8
29.04.2018;9
29.04.2018;10
29.04.2018;11
29.04.2018;13
29.04.2018;14
29.04.2018;15
29.04.2018;16
29.04.2018;18
29.04.2018;20
29.04.2018;21
29.04.2018;22
29.04.2018;25
29.04.2018;26
29.04.2018;27
29.04.2018;28
29.04.2018;29
29.04.2018;30
29.04.2018;31
29.04.2018;33
29.04.2018;34
29.04.2018;35
29.04.2018;36
29.04.2018;37
29.04.2018;39
29.04.2018;40
29.04.2018;42
29.04.2018;43
29.04.2018;45
29.04.2018;46
29.04.2018;47
29.04.2018;48
29.04.2018;49
29.04.2018;50
29.04.2018;51
29.04.2018;52
29.04.2018;56
29.04.2018;57
29.04.2018;58
29.04.2018;61
29.04.2018;63
29.04.2018;65
29.04.2018;66
29.04.2018;67
29.04.2018;68
29.04.2018;69
29.04.2018;70
29.04.2018;72
29.04.2018;73
29.04.2018;75
29.04.2018;76
29.04.2018;77
29.04.2018;78
29.04.2018;81
29.04.2018;82
29.04.2018;83
29.04.2018;84
29.04.2018;85
29.04.2018;86
29.04.2018;87
29.04.2018;88
29.04.2018;89
29.04.2018;90
29.04.2018;91
29.04.2018;93
29.04.2018;94
29.04.2018;96
29.04.2018;97
29.04.2018;98
29.04.2018;100
29.04.2018;101
29.04.2018;102
29.04.2018;103
29.04.2018;107
29.04.2018;109
29.04.2018;110
29.04.2018;111
29.04.2018;112
29.04.2018;113
29.04.2018;114
29.04.2018;115
29.04.2018;116
29.04.2018;117
29.04.2018;119
29.04.2018;120
29.04.2018;121
29.04.2018;122
29.04.2018;123
29.04.2018;124
29.04.2018;125
29.04.2018;126
29.04.2018;129а
29.04.2018;131
29.04.2018;132
